<?xml version="1.0" encoding="UTF-8"?>
<beans xmlns="http://www.springframework.org/schema/beans"
	xmlns:xsi="http://www.w3.org/2001/XMLSchema-instance" xmlns:int="http://www.springframework.org/schema/integration"
	xmlns:int-file="http://www.springframework.org/schema/integration/file"
	xmlns:int-http="http://www.springframework.org/schema/integration/http"
	xmlns:int-stream="http://www.springframework.org/schema/integration/stream"
	xmlns:util="http://www.springframework.org/schema/util"
	xsi:schemaLocation="http://www.springframework.org/schema/beans http://www.springframework.org/schema/beans/spring-beans.xsd
	http://www.springframework.org/schema/integration http://www.springframework.org/schema/integration/spring-integration.xsd
	http://www.springframework.org/schema/integration/file http://www.springframework.org/schema/integration/file/spring-integration-file.xsd
	http://www.springframework.org/schema/integration/http http://www.springframework.org/schema/integration/http/spring-integration-http.xsd
	http://www.springframework.org/schema/integration/stream
    http://www.springframework.org/schema/integration/stream/spring-integration-stream.xsd
    http://www.springframework.org/schema/util 
    http://www.springframework.org/schema/util/spring-util.xsd">


	<bean id="connectionFactory" class="org.apache.activemq.ActiveMQConnectionFactory">
		<property name="brokerURL" value="tcp://127.0.0.1:61616" />
	</bean>
	<bean id="messageDestination" class="org.apache.activemq.command.ActiveMQQueue">
		<constructor-arg value="customerQueue" />
	</bean>
	
	<bean id="jmsTemplate" class="org.springframework.jms.core.JmsTemplate">
		<property name="connectionFactory" ref="connectionFactory" />
		<property name="receiveTimeout" value="10000" />
	</bean>
	
	<!-- <bean id="springJmsProducer" class="com.javacodegeeks.spring.jms.SpringJmsProducer">
		<property name="destination" ref="messageDestination" />
		<property name="jmsTemplate" ref="jmsTemplate" />
	</bean>
	
	<bean id="springJmsConsumer" class="com.javacodegeeks.spring.jms.SpringJmsConsumer">
		<property name="destination" ref="messageDestination" />
		<property name="jmsTemplate" ref="jmsTemplate" />
	</bean> -->
	
</beans>