<?xml version="1.0" encoding="UTF-8"?>
<beans xmlns="http://www.springframework.org/schema/beans"
	xmlns:xsi="http://www.w3.org/2001/XMLSchema-instance" xmlns:p="http://www.springframework.org/schema/p"
	xmlns:context="http://www.springframework.org/schema/context"
	xmlns:jee="http://www.springframework.org/schema/jee" xmlns:tx="http://www.springframework.org/schema/tx"
	xmlns:task="http://www.springframework.org/schema/task"
	xsi:schemaLocation="
			http://www.springframework.org/schema/beans http://www.springframework.org/schema/beans/spring-beans.xsd
			http://www.springframework.org/schema/context http://www.springframework.org/schema/context/spring-context.xsd
			http://www.springframework.org/schema/jee http://www.springframework.org/schema/jee/spring-jee.xsd
			http://www.springframework.org/schema/tx http://www.springframework.org/schema/tx/spring-tx.xsd
			http://www.springframework.org/schema/task http://www.springframework.org/schema/task/spring-task.xsd">

	<!-- <bean id="pendingNotificationTask" class="com.cmss.notification.engine.task.PendingNotificationTask"> 
		<property name="pendingMusterNotificationTask" value="true" /> <property 
		name="pendingLeaveNotificationTask" value="true" /> <property name="pendingLatePunchNotificationTask" 
		value="true" /> </bean> -->

	<bean id="pendingLeaveNotificationTask"
		class="com.cmss.notification.engine.task.PendingLeaveNotificationTask">
	</bean>

	<bean id="pendingMusterNotificationTask"
		class="com.cmss.notification.engine.task.PendingMusterNotificationTask" />

	<bean id="pendingLatePunchNotificationTask"
		class="com.cmss.notification.engine.task.PendingLatePunchNotificationTask" />


	<task:scheduled-tasks scheduler="leaveNotificationScheduler">
		<task:scheduled ref="pendingLeaveNotificationTask"
			method="run" cron="0 * * * * *" />
	</task:scheduled-tasks>

	<!-- <task:scheduled-tasks scheduler="musterNotificationScheduler">
		<task:scheduled ref="pendingMusterNotificationTask"
			method="run" cron="0 * * * * *" />
	</task:scheduled-tasks>

	<task:scheduled-tasks scheduler="latePunchNotificationScheduler">
		<task:scheduled ref="pendingLatePunchNotificationTask"
			method="run" cron="0 * * * * *" />
	</task:scheduled-tasks>
 -->
	<task:scheduler id="pendingNotificationScheduler"
		pool-size="10" />

	<task:scheduler id="musterNotificationScheduler"
		pool-size="10" />

	<task:scheduler id="latePunchNotificationScheduler"
		pool-size="10" />



</beans>