<?xml version="1.0" encoding="UTF-8"?>
<beans xmlns="http://www.springframework.org/schema/beans"
	xmlns:xsi="http://www.w3.org/2001/XMLSchema-instance" xmlns:int="http://www.springframework.org/schema/integration"
	xmlns:int-file="http://www.springframework.org/schema/integration/file"
	xmlns:int-http="http://www.springframework.org/schema/integration/http"
	xmlns:int-stream="http://www.springframework.org/schema/integration/stream"
	xmlns:util="http://www.springframework.org/schema/util"
	xsi:schemaLocation="http://www.springframework.org/schema/beans http://www.springframework.org/schema/beans/spring-beans.xsd
	http://www.springframework.org/schema/integration http://www.springframework.org/schema/integration/spring-integration.xsd
	http://www.springframework.org/schema/integration/file http://www.springframework.org/schema/integration/file/spring-integration-file.xsd
	http://www.springframework.org/schema/integration/http http://www.springframework.org/schema/integration/http/spring-integration-http.xsd
	http://www.springframework.org/schema/integration/stream
    http://www.springframework.org/schema/integration/stream/spring-integration-stream.xsd
    http://www.springframework.org/schema/util 
    http://www.springframework.org/schema/util/spring-util.xsd">

	<!-- Application Configuration -->

	<util:map id="NotificationInfo">
		<entry key="date" value="08-12-2016" />
		<entry key="author" value="Raman" />
		<entry key="version" value="1.0.0" />
	</util:map>



	<util:map id="notificationUATConfig" map-class="java.util.HashMap">
		<entry key="serverkey" value="AAAAbkdbV8A:APA91bET2vx61ECwwWoE78F0zXV9xS3WVmB8d7KIvJCiAOebkfffGK4TwFIYpEkIP1q_Y8HVpxolgoeUBu5jC9I1z2UMCLxj4wnCC8lly_LT7F4Gjeqc-dTMm4s3tT3Ug7uvRE9OcB9dRWeHYJzBf8Nxw1NCjo0qTg"/>
		<entry key="fcmurl" value="https://fcm.googleapis.com/fcm/send"/>
	</util:map>

</beans>