<?xml version="1.0" encoding="UTF-8"?>
<beans xmlns="http://www.springframework.org/schema/beans"
	xmlns:xsi="http://www.w3.org/2001/XMLSchema-instance" xmlns:p="http://www.springframework.org/schema/p"
	xmlns:context="http://www.springframework.org/schema/context"
	xmlns:jee="http://www.springframework.org/schema/jee" xmlns:tx="http://www.springframework.org/schema/tx"
	xsi:schemaLocation="
			http://www.springframework.org/schema/beans http://www.springframework.org/schema/beans/spring-beans-3.0.xsd
			http://www.springframework.org/schema/context http://www.springframework.org/schema/context/spring-context-3.0.xsd
			http://www.springframework.org/schema/jee http://www.springframework.org/schema/jee/spring-jee-3.0.xsd
			http://www.springframework.org/schema/tx http://www.springframework.org/schema/tx/spring-tx-3.0.xsd">

	
	<!-- peoplesoft Databse config-->
	
	 <bean id="psDataSource" class="com.mchange.v2.c3p0.ComboPooledDataSource" destroy-method="close">
        <property name="driverClass" value="oracle.jdbc.driver.OracleDriver"/>
        <property name="jdbcUrl" value="jdbc:oracle:thin:@10.24.155.24:7634:MTU1"/>
        <property name="user" value="SYSADM"/>
        <property name="password" value="K35Mm21hXIe9/9lyHOyeKg=="/>
        <property name="initialPoolSize" value="5"/>
        <property name="acquireIncrement" value="1"/>
        <property name="acquireRetryAttempts" value="0"/>
    </bean>
	
	<bean id="customPSDataSource" class="com.cmss.notification.commons.CustomConnectionDataSource">
		<constructor-arg ref="psDataSource" />
	</bean>
	
    <bean id="psSessionFactory" class="org.springframework.orm.hibernate4.LocalSessionFactoryBean">
        <property name="dataSource" ref="psDataSource" />
        <property name="entityInterceptor">
            <bean class="com.cmss.notification.application.HibernateInterceptor">
                <property name="dbName" value="MTU1"/>                           
            </bean>
        </property>
        <property name="annotatedClasses">
            <list>
            </list>
        </property>
        <property name="hibernateProperties">
            <props>
                <prop key="hibernate.dialect">org.hibernate.dialect.OracleDialect</prop>
                <prop key="hibernate.show_sql">true</prop>
                <prop key="hibernate.autoReconnect">true</prop>
                <!-- <prop key="hibernate.hbm2ddl.auto">update</prop> -->
                <prop key="hibernate.c3p0.minPoolSize">30</prop>
                <prop key="hibernate.c3p0.maxPoolSize">100</prop>
                <prop key="hibernate.c3p0.timeout">600</prop>
                <prop key="hibernate.c3p0.max_statement">50</prop>
            </props>
        </property>
    </bean>
	
<!-- peoplesoft -->

<!-- UOTM -->

<bean id="myDataSource" class="com.mchange.v2.c3p0.ComboPooledDataSource" destroy-method="close">
        <property name="driverClass" value="com.microsoft.sqlserver.jdbc.SQLServerDriver"/>
        <property name="jdbcUrl" value="jdbc:sqlserver://localhost:1433;databaseName=e_Ngage"/>   
        <property name="user" value="sa"/>
        <property name="password" value="SgadFl/iZ9+JzOzx+Qffcg=="/>
        <property name="initialPoolSize" value="5"/>
        <property name="acquireIncrement" value="1"/>
        <property name="acquireRetryAttempts" value="0"/>
    </bean>
    
    <bean id="customDataSource" class="com.cmss.notification.commons.CustomConnectionDataSource">
		<constructor-arg ref="myDataSource" />
	</bean>
	
	 <bean id="defaultSessionFactory" class="org.springframework.orm.hibernate4.LocalSessionFactoryBean">
        <property name="dataSource" ref="customDataSource" />
        <property name="entityInterceptor">
            <bean class="com.cmss.notification.application.HibernateInterceptor">
                <property name="dbName" value="e_Ngage"/>                           
            </bean>
        </property>
        <property name="annotatedClasses">
            <list>
                <value>com.cmss.notification.bean.NotificationDataTemp</value>
            </list>
        </property>
        <property name="hibernateProperties">
            <props>
                <prop key="hibernate.dialect">org.hibernate.dialect.SQLServerDialect</prop>
                <prop key="hibernate.show_sql">true</prop>
                <prop key="hibernate.autoReconnect">true</prop>
                <prop key="hibernate.hbm2ddl.auto">update</prop>
                <prop key="hibernate.c3p0.minPoolSize">30</prop>
                <prop key="hibernate.c3p0.maxPoolSize">100</prop>
                <prop key="hibernate.c3p0.timeout">600</prop>
                <prop key="hibernate.c3p0.max_statement">50</prop>
            </props>
        </property>
    </bean>


</beans>